Workbook

Sheet Summary
A1: NBA Actual UI Agent Evaluation - Shared 10 Games
A2: Clean rerun through the same UI routes used by the project. Fixed cutoff: 2026-04-05. Sample size: 10 shared games.
A4: Model | B4: Games | C4: Correct | D4: Accuracy | E4: Net P&L | F4: Avg home win % | G4: Avg tool calls | H4: Gate failures | I4: Avg runtime (sec) | J4: Execution path
A5: Model A | B5: =COUNTA('Model A'!A5:A14) -> 10 | C5: =SUM('Model A'!J5:J14) -> 5 | D5: =C5/B5 -> 0.5 | E5: =SUM('Model A'!M5:M14) -> -137.46154 | F5: =AVERAGE('Model A'!G5:G14) -> 0.51799 | G5: =AVERAGE('Model A'!O5:O14) -> 0 | H5: =SUM('Model A'!Q5:Q14) -> 0 | I5: =AVERAGE('Model A'!R5:R14) -> 0 | J5: UI /api/predict
A6: Model B | B6: =COUNTA('Model B'!A5:A14) -> 10 | C6: =SUM('Model B'!J5:J14) -> 4 | D6: =C6/B6 -> 0.4 | E6: =SUM('Model B'!M5:M14) -> -429.7977 | F6: =AVERAGE('Model B'!G5:G14) -> 0.501 | G6: =AVERAGE('Model B'!O5:O14) -> 5 | H6: =SUM('Model B'!Q5:Q14) -> 0 | I6: =AVERAGE('Model B'!R5:R14) -> 45.66 | J6: UI /api/run SSE, gemma4:latest
A7: Model C | B7: =COUNTA('Model C'!A5:A14) -> 10 | C7: =SUM('Model C'!J5:J14) -> 6 | D7: =C7/B7 -> 0.6 | E7: =SUM('Model C'!M5:M14) -> 27.34575 | F7: =AVERAGE('Model C'!G5:G14) -> 0.50385 | G7: =AVERAGE('Model C'!O5:O14) -> 6 | H7: =SUM('Model C'!Q5:Q14) -> 0 | I7: =AVERAGE('Model C'!R5:R14) -> 42.41 | J7: UI /api/run SSE + predictor tool
A9: What these results mean
A10: Corrected Model C used Gemma 4 like Model B and added Model A as one peer data point. Results: C 6/10, A 5/10, B 4/10.
A11: C may agree or disagree with A. It disagreed on IND-BRK, chose Indiana, and was correct; Model A chose Brooklyn.
A12: All B/C rows passed every required knowledge-gate receipt. Outcomes and pre-game odds were joined only after the UI produced its prediction.

Sheet Model A
A1: Model A
A2: Model A - predictor-only result from the UI /api/predict route. No LLM and no agent tools.
A3: Accuracy | B3: =SUM(J5:J14)/COUNTA(A5:A14) -> 0.5 | C3: Net P&L | D3: =SUM(M5:M14) -> -137.46154 | E3: Gate failures | F3: =SUM(Q5:Q14) -> 0 | G3: Games | H3: =COUNTA(A5:A14) -> 10
A4: Game | B4: Date | C4: Away | D4: Home | E4: Cutoff | F4: Runtime / model | G4: Home win % | H4: Predicted winner | I4: Actual winner | J4: Correct (1/0) | K4: Stake | L4: Selected decimal odds | M4: Net P&L | N4: Tool sequence | O4: Tool calls | P4: Gates passed | Q4: Gates failed | R4: Runtime (sec) | S4: Input tokens | T4: Output tokens | U4: Prompt SHA256 | V4: Narrative
A5: CHO-BOS-2026-04-07 | B5: 2026-04-07 | C5: CHO | D5: BOS | E5: 2026-04-05 | F5: none | G5: 0.5559 | H5: BOS | I5: BOS | J5: =IF(H5=I5,1,0) -> 1 | K5: 100 | L5: 1.5395645 | M5: =IF(J5=1,K5*(L5-1),-K5) -> 53.956451 | N5: [] | O5: 0 | P5: 0 | Q5: 0 | R5: 0 | S5: 0 | T5: 0 | U5: not_applicable
A6: ATL-CLE-2026-04-08 | B6: 2026-04-08 | C6: ATL | D6: CLE | E6: 2026-04-05 | F6: none | G6: 0.4669 | H6: ATL | I6: CLE | J6: =IF(H6=I6,1,0) -> 0 | K6: 100 | L6: 2.4870577 | M6: =IF(J6=1,K6*(L6-1),-K6) -> -100 | N6: [] | O6: 0 | P6: 0 | Q6: 0 | R6: 0 | S6: 0 | T6: 0 | U6: not_applicable
A7: IND-BRK-2026-04-09 | B7: 2026-04-09 | C7: IND | D7: BRK | E7: 2026-04-05 | F7: none | G7: 0.6451 | H7: BRK | I7: IND | J7: =IF(H7=I7,1,0) -> 0 | K7: 100 | L7: 2.3216362 | M7: =IF(J7=1,K7*(L7-1),-K7) -> -100 | N7: [] | O7: 0 | P7: 0 | Q7: 0 | R7: 0 | S7: 0 | T7: 0 | U7: not_applicable
A8: ORL-CHI-2026-04-10 | B8: 2026-04-10 | C8: ORL | D8: CHI | E8: 2026-04-05 | F8: none | G8: 0.3416 | H8: ORL | I8: ORL | J8: =IF(H8=I8,1,0) -> 1 | K8: 100 | L8: 1.0944004 | M8: =IF(J8=1,K8*(L8-1),-K8) -> 9.4400352 | N8: [] | O8: 0 | P8: 0 | Q8: 0 | R8: 0 | S8: 0 | T8: 0 | U8: not_applicable
A9: ATL-MIA-2026-04-12 | B9: 2026-04-12 | C9: ATL | D9: MIA | E9: 2026-04-05 | F9: none | G9: 0.2362 | H9: ATL | I9: MIA | J9: =IF(H9=I9,1,0) -> 0 | K9: 100 | L9: 4.253041 | M9: =IF(J9=1,K9*(L9-1),-K9) -> -100 | N9: [] | O9: 0 | P9: 0 | Q9: 0 | R9: 0 | S9: 0 | T9: 0 | U9: not_applicable
A10: MIA-CHO-2026-04-14 | B10: 2026-04-14 | C10: MIA | D10: CHO | E10: 2026-04-05 | F10: none | G10: 0.8889 | H10: CHO | I10: CHO | J10: =IF(H10=I10,1,0) -> 1 | K10: 100 | L10: 1.4199853 | M10: =IF(J10=1,K10*(L10-1),-K10) -> 41.998526 | N10: [] | O10: 0 | P10: 0 | Q10: 0 | R10: 0 | S10: 0 | T10: 0 | U10: not_applicable
A11: GSW-LAC-2026-04-15 | B11: 2026-04-15 | C11: GSW | D11: LAC | E11: 2026-04-05 | F11: none | G11: 0.7708 | H11: LAC | I11: GSW | J11: =IF(H11=I11,1,0) -> 0 | K11: 100 | L11: 1.4765225 | M11: =IF(J11=1,K11*(L11-1),-K11) -> -100 | N11: [] | O11: 0 | P11: 0 | Q11: 0 | R11: 0 | S11: 0 | T11: 0 | U11: not_applicable
A12: CHO-ORL-2026-04-17 | B12: 2026-04-17 | C12: CHO | D12: ORL | E12: 2026-04-05 | F12: none | G12: 0.1737 | H12: CHO | I12: ORL | J12: =IF(H12=I12,1,0) -> 0 | K12: 100 | L12: 1.6884184 | M12: =IF(J12=1,K12*(L12-1),-K12) -> -100 | N12: [] | O12: 0 | P12: 0 | Q12: 0 | R12: 0 | S12: 0 | T12: 0 | U12: not_applicable
A13: ATL-NYK-2026-04-18 | B13: 2026-04-18 | C13: ATL | D13: NYK | E13: 2026-04-05 | F13: none | G13: 0.6414 | H13: NYK | I13: NYK | J13: =IF(H13=I13,1,0) -> 1 | K13: 100 | L13: 1.4474859 | M13: =IF(J13=1,K13*(L13-1),-K13) -> 44.748589 | N13: [] | O13: 0 | P13: 0 | Q13: 0 | R13: 0 | S13: 0 | T13: 0 | U13: not_applicable
A14: MIN-DEN-2026-04-20 | B14: 2026-04-20 | C14: MIN | D14: DEN | E14: 2026-04-05 | F14: none | G14: 0.4594 | H14: MIN | I14: MIN | J14: =IF(H14=I14,1,0) -> 1 | K14: 100 | L14: 3.1239486 | M14: =IF(J14=1,K14*(L14-1),-K14) -> 212.39486 | N14: [] | O14: 0 | P14: 0 | Q14: 0 | R14: 0 | S14: 0 | T14: 0 | U14: not_applicable

Sheet Model B
A1: Model B
A2: Model B - actual gemma4:latest UI agent run. Required calls: matchup context, both team-form calls, and both injury calls.
A3: Accuracy | B3: =SUM(J5:J14)/COUNTA(A5:A14) -> 0.4 | C3: Net P&L | D3: =SUM(M5:M14) -> -429.7977 | E3: Gate failures | F3: =SUM(Q5:Q14) -> 0 | G3: Games | H3: =COUNTA(A5:A14) -> 10
A4: Game | B4: Date | C4: Away | D4: Home | E4: Cutoff | F4: Runtime / model | G4: Home win % | H4: Predicted winner | I4: Actual winner | J4: Correct (1/0) | K4: Stake | L4: Selected decimal odds | M4: Net P&L | N4: Tool sequence | O4: Tool calls | P4: Gates passed | Q4: Gates failed | R4: Runtime (sec) | S4: Input tokens | T4: Output tokens | U4: Prompt SHA256 | V4: Narrative
A5: CHO-BOS-2026-04-07 | B5: 2026-04-07 | C5: CHO | D5: BOS | E5: 2026-04-05 | F5: gemma4:latest via Ollama | G5: 0.68 | H5: BOS | I5: BOS | J5: =IF(H5=I5,1,0) -> 1 | K5: 100 | L5: 1.5395645 | M5: =IF(J5=1,K5*(L5-1),-K5) -> 53.956451 | N5: ["retrieve_matchup_context", "retrieve_team_form", "retrieve_team_form", "retrieve_injuries", "retrieve_injuries"] | O5: 5 | P5: 5 | Q5: 0 | R5: 42.4 | S5: 16171 | T5: 2226 | U5: 7ca5185ee48734db6d943f4311aced73e7d7a42dfd6116a64b2042fd88a942ab | V5: The Boston Celtics enter this matchup as heavy favorites, supported by their elite 61-21 record and league-leading offensive rating. Despite Charlotte's recent rolling point differential suggesting strong play, the massive disparity in overall season records and ratings heavily favors BOS. The historical head-to-head dominance of the Celtics further solidifies them as the clear favorite to win on home court.
A6: ATL-CLE-2026-04-08 | B6: 2026-04-08 | C6: ATL | D6: CLE | E6: 2026-04-05 | F6: gemma4:latest via Ollama | G6: 0.4 | H6: ATL | I6: CLE | J6: =IF(H6=I6,1,0) -> 0 | K6: 100 | L6: 2.4870577 | M6: =IF(J6=1,K6*(L6-1),-K6) -> -100 | N6: ["retrieve_matchup_context", "retrieve_team_form", "retrieve_team_form", "retrieve_injuries", "retrieve_injuries"] | O6: 5 | P6: 5 | Q6: 0 | R6: 46.2 | S6: 18262 | T6: 2193 | U6: 7ca5185ee48734db6d943f4311aced73e7d7a42dfd6116a64b2042fd88a942ab | V6: Despite being the home team, Cleveland faces significant headwinds due to multiple key injuries, including Evan Mobley and Jarrett Allen. Atlanta enters this contest on an extremely dominant wave of form, boasting a rolling point differential of +12.5 compared to Cleveland's modest +1.8. This massive disparity in current performance, combined with CLE's roster limitations, suggests that the Hawks are heavily favored to win.
A7: IND-BRK-2026-04-09 | B7: 2026-04-09 | C7: IND | D7: BRK | E7: 2026-04-05 | F7: gemma4:latest via Ollama | G7: 0.3 | H7: IND | I7: IND | J7: =IF(H7=I7,1,0) -> 1 | K7: 100 | L7: 1.6480729 | M7: =IF(J7=1,K7*(L7-1),-K7) -> 64.807286 | N7: ["retrieve_matchup_context", "retrieve_team_form", "retrieve_team_form", "retrieve_injuries", "retrieve_injuries"] | O7: 5 | P7: 5 | Q7: 0 | R7: 37.6 | S7: 17612 | T7: 1911 | U7: 7ca5185ee48734db6d943f4311aced73e7d7a42dfd6116a64b2042fd88a942ab | V7: The Indiana Pacers enter this matchup with a substantial advantage based on recent form and overall team metrics. Their rolling point differential is vastly superior to the Nets', who are struggling significantly in their last ten games. Furthermore, Brooklyn's absence of key players like Michael Porter Jr. severely limits their offensive firepower, giving Indiana a strong edge despite both teams having some injuries.
A8: ORL-CHI-2026-04-10 | B8: 2026-04-10 | C8: ORL | D8: CHI | E8: 2026-04-05 | F8: gemma4:latest via Ollama | G8: 0.48 | H8: ORL | I8: ORL | J8: =IF(H8=I8,1,0) -> 1 | K8: 100 | L8: 1.0944004 | M8: =IF(J8=1,K8*(L8-1),-K8) -> 9.4400352 | N8: ["retrieve_matchup_context", "retrieve_team_form", "retrieve_team_form", "retrieve_injuries", "retrieve_injuries"] | O8: 5 | P8: 5 | Q8: 0 | R8: 34.8 | S8: 18333 | T8: 1745 | U8: 7ca5185ee48734db6d943f4311aced73e7d7a42dfd6116a64b2042fd88a942ab | V8: This is expected to be a highly competitive, low-scoring affair given that both teams are struggling with significant injuries. While Chicago has the home court advantage, their back-to-back schedule and poor rolling form (-11.5) give Orlando a slight edge. ORL's better overall record and superior recent point differential suggest they will be slightly more potent on the road.
A9: ATL-MIA-2026-04-12 | B9: 2026-04-12 | C9: ATL | D9: MIA | E9: 2026-04-05 | F9: gemma4:latest via Ollama | G9: 0.32 | H9: ATL | I9: MIA | J9: =IF(H9=I9,1,0) -> 0 | K9: 100 | L9: 4.253041 | M9: =IF(J9=1,K9*(L9-1),-K9) -> -100 | N9: ["retrieve_matchup_context", "retrieve_team_form", "retrieve_team_form", "retrieve_injuries", "retrieve_injuries"] | O9: 5 | P9: 5 | Q9: 0 | R9: 46.7 | S9: 16934 | T9: 1695 | U9: 7ca5185ee48734db6d943f4311aced73e7d7a42dfd6116a64b2042fd88a942ab | V9: Atlanta enters this matchup in superior form, boasting an 8-2 record and a substantial positive point differential over their last ten games. Miami's recent struggles are evident in their poor 3-7 record and negative rolling average. Furthermore, the absence of star player Norman Powell significantly weakens the Heat's offensive depth. These factors heavily favor Atlanta, who are expected to capitalize on Miami's current slump.
A10: MIA-CHO-2026-04-14 | B10: 2026-04-14 | C10: MIA | D10: CHO | E10: 2026-04-05 | F10: gemma4:latest via Ollama | G10: 0.68 | H10: CHO | I10: CHO | J10: =IF(H10=I10,1,0) -> 1 | K10: 100 | L10: 1.4199853 | M10: =IF(J10=1,K10*(L10-1),-K10) -> 41.998526 | N10: ["retrieve_matchup_context", "retrieve_team_form", "retrieve_team_form", "retrieve_injuries", "retrieve_injuries"] | O10: 5 | P10: 5 | Q10: 0 | R10: 36.3 | S10: 16520 | T10: 2018 | U10: 7ca5185ee48734db6d943f4311aced73e7d7a42dfd6116a64b2042fd88a942ab | V10: The Charlotte Hornets enter this matchup in exceptional form, boasting an impressive 8-2 record and a massive +18.0 point differential over their last ten games. Conversely, the Miami Heat are struggling significantly, evidenced by a poor 3-7 recent record and a negative rolling point differential of -7.7. Furthermore, MIA is hampered by the absence of star Norman Powell, giving CHO a substantial advantage based on current team strength.
A11: GSW-LAC-2026-04-15 | B11: 2026-04-15 | C11: GSW | D11: LAC | E11: 2026-04-05 | F11: gemma4:latest via Ollama | G11: 0.68 | H11: LAC | I11: GSW | J11: =IF(H11=I11,1,0) -> 0 | K11: 100 | L11: 1.4765225 | M11: =IF(J11=1,K11*(L11-1),-K11) -> -100 | N11: ["retrieve_matchup_context", "retrieve_team_form", "retrieve_team_form", "retrieve_injuries", "retrieve_injuries"] | O11: 5 | P11: 5 | Q11: 0 | R11: 64.5 | S11: 18275 | T11: 2048 | U11: 7ca5185ee48734db6d943f4311aced73e7d7a42dfd6116a64b2042fd88a942ab | V11: The Los Angeles Clippers enter this matchup as clear favorites due to their vastly superior recent form. While both teams are dealing with significant injuries—including star players for both sides—LAC's positive rolling point differential (+2.6) contrasts sharply with GSW's negative differential (-7.3). The disparity in current performance, coupled with LAC's better overall record (39-38 vs 36-41), suggests a strong advantage for the home team.
A12: CHO-ORL-2026-04-17 | B12: 2026-04-17 | C12: CHO | D12: ORL | E12: 2026-04-05 | F12: gemma4:latest via Ollama | G12: 0.32 | H12: CHO | I12: ORL | J12: =IF(H12=I12,1,0) -> 0 | K12: 100 | L12: 1.6884184 | M12: =IF(J12=1,K12*(L12-1),-K12) -> -100 | N12: ["retrieve_matchup_context", "retrieve_team_form", "retrieve_team_form", "retrieve_injuries", "retrieve_injuries"] | O12: 5 | P12: 5 | Q12: 0 | R12: 37.6 | S12: 17226 | T12: 1873 | U12: 7ca5185ee48734db6d943f4311aced73e7d7a42dfd6116a64b2042fd88a942ab | V12: The Hornets enter this matchup in significantly better form than the Magic, boasting an 8-2 record over their last ten outings. This strong recent performance is amplified by a massive rolling point differential that heavily favors Charlotte. Furthermore, Orlando's depth is compromised by multiple key injuries to players like Anthony Black and Jonathan Isaac, giving the Hornets a substantial advantage despite playing away from home.
A13: ATL-NYK-2026-04-18 | B13: 2026-04-18 | C13: ATL | D13: NYK | E13: 2026-04-05 | F13: gemma4:latest via Ollama | G13: 0.47 | H13: ATL | I13: NYK | J13: =IF(H13=I13,1,0) -> 0 | K13: 100 | L13: 2.8847792 | M13: =IF(J13=1,K13*(L13-1),-K13) -> -100 | N13: ["retrieve_matchup_context", "retrieve_team_form", "retrieve_team_form", "retrieve_injuries", "retrieve_injuries"] | O13: 5 | P13: 5 | Q13: 0 | R13: 70.5 | S13: 16597 | T13: 2474 | U13: 7ca5185ee48734db6d943f4311aced73e7d7a42dfd6116a64b2042fd88a942ab | V13: The matchup presents a toss-up, with ATL carrying the edge due to significantly superior rolling form (+12.5 differential) compared to NYK's recent performance. However, NYK benefits from home court and has dominated the last five head-to-head meetings. While ATL is hampered by key rotation injuries, their current offensive efficiency suggests they are capable of challenging the Knicks in a close contest.
A14: MIN-DEN-2026-04-20 | B14: 2026-04-20 | C14: MIN | D14: DEN | E14: 2026-04-05 | F14: gemma4:latest via Ollama | G14: 0.68 | H14: DEN | I14: MIN | J14: =IF(H14=I14,1,0) -> 0 | K14: 100 | L14: 1.3939375 | M14: =IF(J14=1,K14*(L14-1),-K14) -> -100 | N14: ["retrieve_matchup_context", "retrieve_team_form", "retrieve_team_form", "retrieve_injuries", "retrieve_injuries"] | O14: 5 | P14: 5 | Q14: 0 | R14: 40 | S14: 17566 | T14: 1717 | U14: 7ca5185ee48734db6d943f4311aced73e7d7a42dfd6116a64b2042fd88a942ab | V14: Denver enters this matchup with a significant advantage, boasting excellent rolling form and having fewer key players sidelined than their opponent. Minnesota's absence of stars Anthony Edwards and Jaden McDaniels severely limits their offensive ceiling. While the teams have equal rest, Denver's combination of superior recent performance and critical health advantages makes them the clear favorite.

Sheet Model C
A1: Model C
A2: Model C - same gemma4:latest agent and reasoning contract as Model B, plus Model A output as one additional data point.
A3: Accuracy | B3: =SUM(J5:J14)/COUNTA(A5:A14) -> 0.6 | C3: Net P&L | D3: =SUM(M5:M14) -> 27.34575 | E3: Gate failures | F3: =SUM(Q5:Q14) -> 0 | G3: Games | H3: =COUNTA(A5:A14) -> 10
A4: Game | B4: Date | C4: Away | D4: Home | E4: Cutoff | F4: Runtime / model | G4: Home win % | H4: Predicted winner | I4: Actual winner | J4: Correct (1/0) | K4: Stake | L4: Selected decimal odds | M4: Net P&L | N4: Tool sequence | O4: Tool calls | P4: Gates passed | Q4: Gates failed | R4: Runtime (sec) | S4: Input tokens | T4: Output tokens | U4: Prompt SHA256 | V4: Narrative
A5: CHO-BOS-2026-04-07 | B5: 2026-04-07 | C5: CHO | D5: BOS | E5: 2026-04-05 | F5: gemma4:latest via Ollama | G5: 0.63 | H5: BOS | I5: BOS | J5: =IF(H5=I5,1,0) -> 1 | K5: 100 | L5: 1.5395645 | M5: =IF(J5=1,K5*(L5-1),-K5) -> 53.956451 | N5: ["retrieve_matchup_context", "retrieve_team_form", "retrieve_team_form", "retrieve_injuries", "retrieve_injuries", "predict_win_probability"] | O5: 6 | P5: 6 | Q5: 0 | R5: 40.5 | S5: 24938 | T5: 2025 | U5: 6dce1b4ef8c5041a670f13228fa8042b9df22cc32a141d59eee3b9f972c708dd | V5: The Boston Celtics enter this matchup as clear favorites, bolstered by their strong overall season performance and a clean bill of health. The Hornets face significant adversity with P.J. Hall sidelined for the entire season, which is compounded by poor historical results against BOS. While both teams have equal rest, BOS's superior depth and recent head-to-head dominance give them a substantial edge in this contest.
A6: ATL-CLE-2026-04-08 | B6: 2026-04-08 | C6: ATL | D6: CLE | E6: 2026-04-05 | F6: gemma4:latest via Ollama | G6: 0.467 | H6: ATL | I6: CLE | J6: =IF(H6=I6,1,0) -> 0 | K6: 100 | L6: 2.4870577 | M6: =IF(J6=1,K6*(L6-1),-K6) -> -100 | N6: ["retrieve_matchup_context", "retrieve_team_form", "retrieve_team_form", "retrieve_injuries", "retrieve_injuries", "predict_win_probability"] | O6: 6 | P6: 6 | Q6: 0 | R6: 49.5 | S6: 20253 | T6: 1935 | U6: 6dce1b4ef8c5041a670f13228fa8042b9df22cc32a141d59eee3b9f972c708dd | V6: The Atlanta Hawks enter this matchup as slight favorites due to their strong recent form, evidenced by a +12.5 rolling point differential over the last 10 games. Cleveland's overall rating and record are impressive, but they face significant challenges with multiple key players—including Evan Mobley and Jarrett Allen—currently sidelined on injury. The model prediction reflects this disparity, giving Atlanta a slight edge despite both teams having equal rest.
A7: IND-BRK-2026-04-09 | B7: 2026-04-09 | C7: IND | D7: BRK | E7: 2026-04-05 | F7: gemma4:latest via Ollama | G7: 0.48 | H7: IND | I7: IND | J7: =IF(H7=I7,1,0) -> 1 | K7: 100 | L7: 1.6480729 | M7: =IF(J7=1,K7*(L7-1),-K7) -> 64.807286 | N7: ["retrieve_matchup_context", "retrieve_team_form", "retrieve_team_form", "retrieve_injuries", "retrieve_injuries", "predict_win_probability"] | O7: 6 | P7: 6 | Q7: 0 | R7: 44.5 | S7: 27341 | T7: 2028 | U7: 6dce1b4ef8c5041a670f13228fa8042b9df22cc32a141d59eee3b9f972c708dd | V7: Indiana enters this matchup with a substantial advantage in current form, boasting a rolling point differential of -5.1 compared to Brooklyn's poor -15.6. While Model A predicts a high probability for the home Nets (64.5%), the significant disparity in recent performance suggests Indiana is favored despite playing on the road. Both teams are dealing with key injuries—Michael Porter Jr. for Brooklyn and Ivica Zubac for Indiana—which will limit star power, but Indiana's superior point differential gives them a slight edge.
A8: ORL-CHI-2026-04-10 | B8: 2026-04-10 | C8: ORL | D8: CHI | E8: 2026-04-05 | F8: gemma4:latest via Ollama | G8: 0.3416 | H8: ORL | I8: ORL | J8: =IF(H8=I8,1,0) -> 1 | K8: 100 | L8: 1.0944004 | M8: =IF(J8=1,K8*(L8-1),-K8) -> 9.4400352 | N8: ["retrieve_matchup_context", "retrieve_team_form", "retrieve_team_form", "retrieve_injuries", "retrieve_injuries", "predict_win_probability"] | O8: 6 | P8: 6 | Q8: 0 | R8: 46.6 | S8: 28539 | T8: 2286 | U8: 6dce1b4ef8c5041a670f13228fa8042b9df22cc32a141d59eee3b9f972c708dd | V8: The Orlando Magic enter this matchup as clear favorites, supported by superior rolling form and a one-day rest advantage over the Chicago Bulls. While both teams are dealing with significant injury concerns, the Bulls' recent struggles and deep roster absences give Orlando a distinct edge. The model reflects this disparity, predicting a strong win probability for the away team.
A9: ATL-MIA-2026-04-12 | B9: 2026-04-12 | C9: ATL | D9: MIA | E9: 2026-04-05 | F9: gemma4:latest via Ollama | G9: 0.2362 | H9: ATL | I9: MIA | J9: =IF(H9=I9,1,0) -> 0 | K9: 100 | L9: 4.253041 | M9: =IF(J9=1,K9*(L9-1),-K9) -> -100 | N9: ["retrieve_matchup_context", "retrieve_team_form", "retrieve_team_form", "retrieve_injuries", "retrieve_injuries", "predict_win_probability"] | O9: 6 | P9: 6 | Q9: 0 | R9: 35.4 | S9: 26210 | T9: 1742 | U9: 6dce1b4ef8c5041a670f13228fa8042b9df22cc32a141d59eee3b9f972c708dd | V9: Atlanta enters this matchup in excellent form, boasting a +12.5 point differential over its last 10 games, while Miami struggles significantly with a -7.7 differential. The absence of star Norman Powell for the Heat is a major blow to their offensive ceiling. Given Atlanta's strong current performance and Miami's key injury, the model predicts a substantial win probability for the away Hawks.
A10: MIA-CHO-2026-04-14 | B10: 2026-04-14 | C10: MIA | D10: CHO | E10: 2026-04-05 | F10: gemma4:latest via Ollama | G10: 0.89 | H10: CHO | I10: CHO | J10: =IF(H10=I10,1,0) -> 1 | K10: 100 | L10: 1.4199853 | M10: =IF(J10=1,K10*(L10-1),-K10) -> 41.998526 | N10: ["retrieve_matchup_context", "retrieve_team_form", "retrieve_team_form", "retrieve_injuries", "retrieve_injuries", "predict_win_probability"] | O10: 6 | P10: 6 | Q10: 0 | R10: 33.2 | S10: 18509 | T10: 1705 | U10: 6dce1b4ef8c5041a670f13228fa8042b9df22cc32a141d59eee3b9f972c708dd | V10: Charlotte has established a significant advantage heading into this matchup, driven by its outstanding recent performance reflected in an average point differential of +18.0 over the last 10 games. Conversely, Miami struggles with negative momentum and a rolling point differential of -7.7. This massive disparity in current form aligns strongly with Model A's prediction, which gives Charlotte an estimated 89% chance of victory. While both teams are dealing with key injuries (Powell for MIA; Hall for CHO), the overwhelming strength signal from Charlotte's recent play makes them clear favorites.
A11: GSW-LAC-2026-04-15 | B11: 2026-04-15 | C11: GSW | D11: LAC | E11: 2026-04-05 | F11: gemma4:latest via Ollama | G11: 0.77 | H11: LAC | I11: GSW | J11: =IF(H11=I11,1,0) -> 0 | K11: 100 | L11: 1.4765225 | M11: =IF(J11=1,K11*(L11-1),-K11) -> -100 | N11: ["retrieve_matchup_context", "retrieve_team_form", "retrieve_team_form", "retrieve_injuries", "retrieve_injuries", "predict_win_probability"] | O11: 6 | P11: 6 | Q11: 0 | R11: 44.4 | S11: 28452 | T11: 2083 | U11: 6dce1b4ef8c5041a670f13228fa8042b9df22cc32a141d59eee3b9f972c708dd | V11: The Los Angeles Clippers enter this matchup as strong favorites, supported by their significantly better rolling form (+2.6 average point differential) compared to the Golden State Warriors (-7.3). While both teams are dealing with key injuries—GSW is missing Jimmy Butler and Al Horford, while LAC is missing Bradley Beal—the combination of superior recent performance and historical head-to-head success points toward a Clippers victory at home.
A12: CHO-ORL-2026-04-17 | B12: 2026-04-17 | C12: CHO | D12: ORL | E12: 2026-04-05 | F12: gemma4:latest via Ollama | G12: 0.1737 | H12: CHO | I12: ORL | J12: =IF(H12=I12,1,0) -> 0 | K12: 100 | L12: 1.6884184 | M12: =IF(J12=1,K12*(L12-1),-K12) -> -100 | N12: ["retrieve_matchup_context", "retrieve_team_form", "retrieve_team_form", "retrieve_injuries", "retrieve_injuries", "predict_win_probability"] | O12: 6 | P12: 6 | Q12: 0 | R12: 41.9 | S12: 26699 | T12: 1768 | U12: 6dce1b4ef8c5041a670f13228fa8042b9df22cc32a141d59eee3b9f972c708dd | V12: The Hornets enter this contest with a substantial advantage, driven by superior rolling form and point differential (+18.0) compared to Orlando's struggles (-9.4). Orlando is severely hampered by the absence of three key players, including Anthony Black and Jonathan Isaac. All signals—including the model prediction (82.63% for CHO)—point overwhelmingly toward a Charlotte victory.
A13: ATL-NYK-2026-04-18 | B13: 2026-04-18 | C13: ATL | D13: NYK | E13: 2026-04-05 | F13: gemma4:latest via Ollama | G13: 0.59 | H13: NYK | I13: NYK | J13: =IF(H13=I13,1,0) -> 1 | K13: 100 | L13: 1.4474859 | M13: =IF(J13=1,K13*(L13-1),-K13) -> 44.748589 | N13: ["retrieve_matchup_context", "retrieve_team_form", "retrieve_team_form", "retrieve_injuries", "retrieve_injuries", "predict_win_probability"] | O13: 6 | P13: 6 | Q13: 0 | R13: 47.9 | S13: 25650 | T13: 2323 | U13: 6dce1b4ef8c5041a670f13228fa8042b9df22cc32a141d59eee3b9f972c708dd | V13: The Knicks enter this matchup as the favorites due to their superior overall record (51-31) and high offensive efficiency. However, the Hawks boast a significantly better recent form, evidenced by a +12.5 rolling point differential compared to New York's +7.9. While Atlanta is missing key rotation players like N'Faly Dante and Jock Landale, their current momentum gives them a strong chance to challenge the Knicks' established season-long strength.
A14: MIN-DEN-2026-04-20 | B14: 2026-04-20 | C14: MIN | D14: DEN | E14: 2026-04-05 | F14: gemma4:latest via Ollama | G14: 0.46 | H14: MIN | I14: MIN | J14: =IF(H14=I14,1,0) -> 1 | K14: 100 | L14: 3.1239486 | M14: =IF(J14=1,K14*(L14-1),-K14) -> 212.39486 | N14: ["retrieve_matchup_context", "retrieve_team_form", "retrieve_team_form", "retrieve_injuries", "retrieve_injuries", "predict_win_probability"] | O14: 6 | P14: 6 | Q14: 0 | R14: 40.2 | S14: 27269 | T14: 1923 | U14: 6dce1b4ef8c5041a670f13228fa8042b9df22cc32a141d59eee3b9f972c708dd | V14: Despite Denver's vastly superior rolling form metrics (+9.6 differential), the model predicts a slight edge to Minnesota (54.1%). Both teams face significant injury challenges, with MIN missing star Anthony Edwards and DEN dealing with multiple key absences. The prediction suggests that the combined impact of injuries and historical matchup data outweighs Denver's current strong run, leading to a near-even contest.

Sheet UI Trace
A1: UI Trace - Actual Agent Runs
A2: Every Model B and C row below came from the same UI /api/run SSE path used by the site.
A3: Arm | B3: Game | C3: LLM | D3: Home win % | E3: Predicted | F3: Actual | G3: Prompt SHA256 | H3: Prompt chars | I3: Tool sequence | J3: Tool calls | K3: Gates passed | L3: Gates failed | M3: Runtime (sec) | N3: Input / output tokens | O3: Returned response
A4: B | B4: CHO-BOS-2026-04-07 | C4: gemma4:latest via Ollama | D4: 0.68 | E4: BOS | F4: BOS | G4: 7ca5185ee48734db6d943f4311aced73e7d7a42dfd6116a64b2042fd88a942ab | H4: 12984 | I4: ["retrieve_matchup_context", "retrieve_team_form", "retrieve_team_form", "retrieve_injuries", "retrieve_injuries"] | J4: 5 | K4: 5 | L4: 0 | M4: 42.4 | N4: 16171 / 2226 | O4: {"matchup_id":"CHO-BOS-2026-04-07","as_of_date":"2026-04-05","home_win_prob":0.68,"away_win_prob":0.32,"key_factors":["Boston Celtics (BOS) are massive favorites based on overall season performance and ratings.","BOS boasts a dominant 61-21 record with an elite 120.6 offensive rating compared to CHO's 19-63 record and 107.3 offensive rating.","The Celtics have historically dominated this matchup, winning 4 of the last 5 meetings listed.","While Charlotte shows a high rolling point differential (+18.0), BOS's superior overall season metrics (record/ratings) are weighted more heavily than this single form metric."],"narrative":"The Boston Celtics enter this matchup as heavy favorites, supported by their elite 61-21 record and league-leading offensive rating. Despite Charlotte's recent rolling point differential suggesting strong play, the massive disparity in overall season records and ratings heavily favors BOS. The historical head-to-head dominance of the Celtics further solidifies them as the clear favorite to win on home court.","missing":[]}
A5: C | B5: CHO-BOS-2026-04-07 | C5: gemma4:latest via Ollama | D5: 0.63 | E5: BOS | F5: BOS | G5: 6dce1b4ef8c5041a670f13228fa8042b9df22cc32a141d59eee3b9f972c708dd | H5: 14646 | I5: ["retrieve_matchup_context", "retrieve_team_form", "retrieve_team_form", "retrieve_injuries", "retrieve_injuries", "predict_win_probability"] | J5: 6 | K5: 6 | L5: 0 | M5: 40.5 | N5: 24938 / 2025 | O5: {"matchup_id":"CHO-BOS-2026-04-07","as_of_date":"2026-04-05","home_win_prob":0.63,"away_win_prob":0.37,"key_factors":["Boston Celtics (BOS) are the favorites due to superior overall team strength and health.","Charlotte Hornets (CHO) are missing P.J. Hall for the season, a significant blow to their roster.","The last five head-to-head matchups show BOS dominating CHO, including a recent victory on March 29th.","While Model A predicted a slight edge for BOS (55.6%), the combination of BOS's healthy status and CHO's major injury/poor record warrants an increased probability."],"narrative":"The Boston Celtics enter this matchup as clear favorites, bolstered by their strong overall season performance and a clean bill of health. The Hornets face significant adversity with P.J. Hall sidelined for the entire season, which is compounded by poor historical results against BOS. While both teams have equal rest, BOS's superior depth and recent head-to-head dominance give them a substantial edge in this contest.","missing":[]}
A6: B | B6: ATL-CLE-2026-04-08 | C6: gemma4:latest via Ollama | D6: 0.4 | E6: ATL | F6: CLE | G6: 7ca5185ee48734db6d943f4311aced73e7d7a42dfd6116a64b2042fd88a942ab | H6: 12984 | I6: ["retrieve_matchup_context", "retrieve_team_form", "retrieve_team_form", "retrieve_injuries", "retrieve_injuries"] | J6: 5 | K6: 5 | L6: 0 | M6: 46.2 | N6: 18262 / 2193 | O6: {"matchup_id":"ATL-CLE-2026-04-08","as_of_date":"2026-04-05","home_win_prob":0.4,"away_win_prob":0.6,"key_factors":["Atlanta's dominant rolling point differential (+12.5) significantly outweighs Cleveland's modest +1.8.","Cleveland is hampered by multiple key injuries, including star Evan Mobley and starter Jarrett Allen.","Both teams have equal rest (1 day), neutralizing the primary tie-breaker signal.","Atlanta holds a slight historical edge in the last five matchups (3-2)."],"narrative":"Despite being the home team, Cleveland faces significant headwinds due to multiple key injuries, including Evan Mobley and Jarrett Allen. Atlanta enters this contest on an extremely dominant wave of form, boasting a rolling point differential of +12.5 compared to Cleveland's modest +1.8. This massive disparity in current performance, combined with CLE's roster limitations, suggests that the Hawks are heavily favored to win.","missing":[]}
A7: C | B7: ATL-CLE-2026-04-08 | C7: gemma4:latest via Ollama | D7: 0.467 | E7: ATL | F7: CLE | G7: 6dce1b4ef8c5041a670f13228fa8042b9df22cc32a141d59eee3b9f972c708dd | H7: 14646 | I7: ["retrieve_matchup_context", "retrieve_team_form", "retrieve_team_form", "retrieve_injuries", "retrieve_injuries", "predict_win_probability"] | J7: 6 | K7: 6 | L7: 0 | M7: 49.5 | N7: 20253 / 1935 | O7: {"matchup_id":"ATL-CLE-2026-04-08","as_of_date":"2026-04-05","home_win_prob":0.467,"away_win_prob":0.533,"key_factors":["Atlanta's superior rolling point differential (+12.5) compared to Cleveland's (+1.8).","Cleveland is significantly hampered by multiple key injuries, including Evan Mobley and Jarrett Allen.","Model A prediction aligns with the independent analysis, favoring the away team (ATL)."],"narrative":"The Atlanta Hawks enter this matchup as slight favorites due to their strong recent form, evidenced by a +12.5 rolling point differential over the last 10 games. Cleveland's overall rating and record are impressive, but they face significant challenges with multiple key players—including Evan Mobley and Jarrett Allen—currently sidelined on injury. The model prediction reflects this disparity, giving Atlanta a slight edge despite both teams having equal rest.","missing":[]}
A8: B | B8: IND-BRK-2026-04-09 | C8: gemma4:latest via Ollama | D8: 0.3 | E8: IND | F8: IND | G8: 7ca5185ee48734db6d943f4311aced73e7d7a42dfd6116a64b2042fd88a942ab | H8: 12984 | I8: ["retrieve_matchup_context", "retrieve_team_form", "retrieve_team_form", "retrieve_injuries", "retrieve_injuries"] | J8: 5 | K8: 5 | L8: 0 | M8: 37.6 | N8: 17612 / 1911 | O8: {"matchup_id":"IND-BRK-2026-04-09","as_of_date":"2026-04-05","home_win_prob":0.3,"away_win_prob":0.7,"key_factors":["Indiana's rolling form is significantly superior (+5.1 avg point differential) compared to Brooklyn's (-15.6 avg point differential).","Indiana holds better overall ratings (Off: 116.5 / Def: 114.3) and a much stronger record (50-32) than the Nets.","Brooklyn is missing key players, including star Michael Porter Jr. and Egor Demin, severely impacting their roster depth.","Indiana has won 4 of the last 5 head-to-head matchups listed."],"narrative":"The Indiana Pacers enter this matchup with a substantial advantage based on recent form and overall team metrics. Their rolling point differential is vastly superior to the Nets', who are struggling significantly in their last ten games. Furthermore, Brooklyn's absence of key players like Michael Porter Jr. severely limits their offensive firepower, giving Indiana a strong edge despite both teams having some injuries.","missing":[]}
A9: C | B9: IND-BRK-2026-04-09 | C9: gemma4:latest via Ollama | D9: 0.48 | E9: IND | F9: IND | G9: 6dce1b4ef8c5041a670f13228fa8042b9df22cc32a141d59eee3b9f972c708dd | H9: 14646 | I9: ["retrieve_matchup_context", "retrieve_team_form", "retrieve_team_form", "retrieve_injuries", "retrieve_injuries", "predict_win_probability"] | J9: 6 | K9: 6 | L9: 0 | M9: 44.5 | N9: 27341 / 2028 | O9: {"matchup_id":"IND-BRK-2026-04-09","as_of_date":"2026-04-05","home_win_prob":0.48,"away_win_prob":0.52,"key_factors":["Indiana's rolling point differential (-5.1) is significantly better than Brooklyn's (-15.6), suggesting a major form advantage for the away team.","Both teams are missing key players (Michael Porter Jr. for BRK; Ivica Zubac for IND), which will impact star power but not necessarily overall team strength.","The model prediction (Model A) favors the home team with 64.5% probability, which materially disagrees with the strong form signal favoring Indiana."],"narrative":"Indiana enters this matchup with a substantial advantage in current form, boasting a rolling point differential of -5.1 compared to Brooklyn's poor -15.6. While Model A predicts a high probability for the home Nets (64.5%), the significant disparity in recent performance suggests Indiana is favored despite playing on the road. Both teams are dealing with key injuries—Michael Porter Jr. for Brooklyn and Ivica Zubac for Indiana—which will limit star power, but Indiana's superior point differential gives them a slight edge.","missing":[]}
A10: B | B10: ORL-CHI-2026-04-10 | C10: gemma4:latest via Ollama | D10: 0.48 | E10: ORL | F10: ORL | G10: 7ca5185ee48734db6d943f4311aced73e7d7a42dfd6116a64b2042fd88a942ab | H10: 12984 | I10: ["retrieve_matchup_context", "retrieve_team_form", "retrieve_team_form", "retrieve_injuries", "retrieve_injuries"] | J10: 5 | K10: 5 | L10: 0 | M10: 34.8 | N10: 18333 / 1745 | O10: {"matchup_id":"ORL-CHI-2026-04-10","as_of_date":"2026-04-05","home_win_prob":0.48,"away_win_prob":0.52,"key_factors":["ORL holds a slight edge in overall record (41-41 vs CHI's 39-43).","The rolling point differential favors ORL (-9.4) over CHI (-11.5), suggesting better current form.","CHI is on a back-to-back schedule, while ORL has one day of rest.","Both teams are significantly hampered by multiple key injuries (e.g., Simons and Ivey for CHI; Black and Isaac for ORL).","Head-to-head history shows mixed results in the last five meetings."],"narrative":"This is expected to be a highly competitive, low-scoring affair given that both teams are struggling with significant injuries. While Chicago has the home court advantage, their back-to-back schedule and poor rolling form (-11.5) give Orlando a slight edge. ORL's better overall record and superior recent point differential suggest they will be slightly more potent on the road.","missing":[]}
A11: C | B11: ORL-CHI-2026-04-10 | C11: gemma4:latest via Ollama | D11: 0.3416 | E11: ORL | F11: ORL | G11: 6dce1b4ef8c5041a670f13228fa8042b9df22cc32a141d59eee3b9f972c708dd | H11: 14646 | I11: ["retrieve_matchup_context", "retrieve_team_form", "retrieve_team_form", "retrieve_injuries", "retrieve_injuries", "predict_win_probability"] | J11: 6 | K11: 6 | L11: 0 | M11: 46.6 | N11: 28539 / 2286 | O11: {"matchup_id":"ORL-CHI-2026-04-10","as_of_date":"2026-04-05","home_win_prob":0.3416,"away_win_prob":0.6584,"key_factors":["Orlando Magic (Away) holds a significant advantage in rolling form and rest.","Chicago Bulls' recent performance (-11.5 avg point diff) is notably weaker than Orlando's (-9.4 avg point diff).","Both teams are severely hampered by multiple key injuries, but Chicago's list includes major stars like Anfernee Simons and Jaden Ivey.","Model A prediction strongly favors the Magic (65.8%) over the Bulls."],"narrative":"The Orlando Magic enter this matchup as clear favorites, supported by superior rolling form and a one-day rest advantage over the Chicago Bulls. While both teams are dealing with significant injury concerns, the Bulls' recent struggles and deep roster absences give Orlando a distinct edge. The model reflects this disparity, predicting a strong win probability for the away team.","missing":[]}
A12: B | B12: ATL-MIA-2026-04-12 | C12: gemma4:latest via Ollama | D12: 0.32 | E12: ATL | F12: MIA | G12: 7ca5185ee48734db6d943f4311aced73e7d7a42dfd6116a64b2042fd88a942ab | H12: 12984 | I12: ["retrieve_matchup_context", "retrieve_team_form", "retrieve_team_form", "retrieve_injuries", "retrieve_injuries"] | J12: 5 | K12: 5 | L12: 0 | M12: 46.7 | N12: 16934 / 1695 | O12: {"matchup_id":"ATL-MIA-2026-04-12","as_of_date":"2026-04-05","home_win_prob":0.32,"away_win_prob":0.68,"key_factors":["Atlanta (Away) enters the game in excellent form with an 8-2 record and a strong rolling average point differential of +12.5.","Miami (Home) is struggling significantly, showing poor recent form with a 3-7 record and a negative rolling average point differential of -7.7.","The most significant injury concern for Miami is the absence of star player Norman Powell due to illness.","Both teams have equal rest (1 day), negating any advantage from back-to-backs or recovery time."],"narrative":"Atlanta enters this matchup in superior form, boasting an 8-2 record and a substantial positive point differential over their last ten games. Miami's recent struggles are evident in their poor 3-7 record and negative rolling average. Furthermore, the absence of star player Norman Powell significantly weakens the Heat's offensive depth. These factors heavily favor Atlanta, who are expected to capitalize on Miami's current slump.","missing":[]}
A13: C | B13: ATL-MIA-2026-04-12 | C13: gemma4:latest via Ollama | D13: 0.2362 | E13: ATL | F13: MIA | G13: 6dce1b4ef8c5041a670f13228fa8042b9df22cc32a141d59eee3b9f972c708dd | H13: 14646 | I13: ["retrieve_matchup_context", "retrieve_team_form", "retrieve_team_form", "retrieve_injuries", "retrieve_injuries", "predict_win_probability"] | J13: 6 | K13: 6 | L13: 0 | M13: 35.4 | N13: 26210 / 1742 | O13: {"matchup_id":"ATL-MIA-2026-04-12","as_of_date":"2026-04-05","home_win_prob":0.2362,"away_win_prob":0.7638,"key_factors":["Atlanta's superior rolling form (+12.5 point differential) compared to Miami's poor recent performance (-7.7 point differential).","Miami is missing star Norman Powell, a significant blow to their offensive firepower.","The model prediction strongly favors the away team (ATL), which aligns with current form and injury context."],"narrative":"Atlanta enters this matchup in excellent form, boasting a +12.5 point differential over its last 10 games, while Miami struggles significantly with a -7.7 differential. The absence of star Norman Powell for the Heat is a major blow to their offensive ceiling. Given Atlanta's strong current performance and Miami's key injury, the model predicts a substantial win probability for the away Hawks.","missing":[]}
A14: B | B14: MIA-CHO-2026-04-14 | C14: gemma4:latest via Ollama | D14: 0.68 | E14: CHO | F14: CHO | G14: 7ca5185ee48734db6d943f4311aced73e7d7a42dfd6116a64b2042fd88a942ab | H14: 12984 | I14: ["retrieve_matchup_context", "retrieve_team_form", "retrieve_team_form", "retrieve_injuries", "retrieve_injuries"] | J14: 5 | K14: 5 | L14: 0 | M14: 36.3 | N14: 16520 / 2018 | O14: {"matchup_id":"MIA-CHO-2026-04-14","as_of_date":"2026-04-05","home_win_prob":0.68,"away_win_prob":0.32,"key_factors":["CHO boasts a dominant rolling form with an average point differential of +18.0 and an 8-2 record over the last 10 games.","MIA's recent performance is significantly weaker, showing a -7.7 average point differential and a 3-7 record in their last ten outings.","Miami is missing star player Norman Powell due to illness, which represents a notable blow to their roster depth.","Both teams have equal rest (1 day), neutralizing the primary tie-breaker."],"narrative":"The Charlotte Hornets enter this matchup in exceptional form, boasting an impressive 8-2 record and a massive +18.0 point differential over their last ten games. Conversely, the Miami Heat are struggling significantly, evidenced by a poor 3-7 recent record and a negative rolling point differential of -7.7. Furthermore, MIA is hampered by the absence of star Norman Powell, giving CHO a substantial advantage based on current team strength.","missing":[]}
A15: C | B15: MIA-CHO-2026-04-14 | C15: gemma4:latest via Ollama | D15: 0.89 | E15: CHO | F15: CHO | G15: 6dce1b4ef8c5041a670f13228fa8042b9df22cc32a141d59eee3b9f972c708dd | H15: 14646 | I15: ["retrieve_matchup_context", "retrieve_team_form", "retrieve_team_form", "retrieve_injuries", "retrieve_injuries", "predict_win_probability"] | J15: 6 | K15: 6 | L15: 0 | M15: 33.2 | N15: 18509 / 1705 | O15: {"matchup_id":"MIA-CHO-2026-04-14","as_of_date":"2026-04-05","home_win_prob":0.89,"away_win_prob":0.11,"key_factors":["CHO's superior rolling form (Avg Point Diff: +18.0) compared to MIA's (-7.7).","Model A prediction strongly favors the home team (CHO) at 89%.","Both teams are missing key players (MIA: Norman Powell; CHO: P.J. Hall), but form remains the dominant signal.","The high probability estimate is supported by both current rolling form and Model A's prediction."],"narrative":"Charlotte has established a significant advantage heading into this matchup, driven by its outstanding recent performance reflected in an average point differential of +18.0 over the last 10 games. Conversely, Miami struggles with negative momentum and a rolling point differential of -7.7. This massive disparity in current form aligns strongly with Model A's prediction, which gives Charlotte an estimated 89% chance of victory. While both teams are dealing with key injuries (Powell for MIA; Hall for CHO), the overwhelming strength signal from Charlotte's recent play makes them clear favorites.","missing":[]}
... A23: C | B23: MIN-DEN-2026-04-20 | C23: gemma4:latest via Ollama | D23: 0.46 | E23: MIN | F23: MIN | G23: 6dce1b4ef8c5041a670f13228fa8042b9df22cc32a141d59eee3b9f972c708dd | H23: 14646 | I23: ["retrieve_matchup_context", "retrieve_team_form", "retrieve_team_form", "retrieve_injuries", "retrieve_injuries", "predict_win_probability"] | J23: 6 | K23: 6 | L23: 0 | M23: 40.2 | N23: 27269 / 1923 | O23: {"matchup_id":"MIN-DEN-2026-04-20","as_of_date":"2026-04-05","home_win_prob":0.46,"away_win_prob":0.54,"key_factors":["Model A predicts a slight edge to the away team (MIN) at 54.1% vs 45.9%.","Denver shows significantly superior rolling form (+9.6 point differential, 9-1 record) compared to Minnesota (+3.4 point differential, 5-5 record).","Both teams are severely hampered by injuries; MIN is missing star Anthony Edwards, while DEN is also dealing with multiple key absences (Watson, Nnaji, Jones).","Rest and back-to-backs are even for both sides."],"narrative":"Despite Denver's vastly superior rolling form metrics (+9.6 differential), the model predicts a slight edge to Minnesota (54.1%). Both teams face significant injury challenges, with MIN missing star Anthony Edwards and DEN dealing with multiple key absences. The prediction suggests that the combined impact of injuries and historical matchup data outweighs Denver's current strong run, leading to a near-even contest.","missing":[]}

Sheet Methodology
A1: Methodology
A2: How this clean rerun was performed
A3: Rule | B3: Implementation
A4: Shared games | B4: All three models ran the same 10 games supplied by Sarvesh.
A5: Knowledge cutoff | B5: 2026-04-05 for every run. Target games were 2026-04-07 through 2026-04-20.
A6: Model A | B6: Called the project UI predictor endpoint: POST /api/predict. No LLM or agent tools.
A7: Model B | B7: Called the project UI agent endpoint: POST /api/run (SSE) with gemma4:latest via Ollama. Required matchup context, two team-form calls, and two injury calls.
A8: Model C | B8: Called POST /api/run (SSE) with the same Gemma 4 model and identical reasoning core as B. The only addition was Model A output as one additional data point; C owned the final probability and could agree or disagree.
A9: Acceptance rule | B9: A B/C row was accepted only when every required tool call appeared and every knowledge-gate receipt passed with zero post-cutoff records.
A10: Scoring | B10: After the UI returned a final prediction, predicted winner was compared with the actual winner. Correct = 1; wrong = 0.
A11: Money | B11: After prediction, the selected side's pre-game decimal odds were joined. Net P&L = stake x (odds - 1) when correct; otherwise -stake. Stake = $100.
A12: No leakage | B12: Actual outcomes and odds were not included in the agent prompt or tool payloads. They were joined only for scoring after the response completed.
A13: Limitation | B13: N=10 is useful for a classroom demonstration and shared-team comparison, but it is too small to establish season-level accuracy.
A14: Audit trail | B14: The UI Trace tab records prompt hashes, tool sequences, gate counts, timing, token counts, and the returned response text for every B/C run.
